{
	"texture_size": [34, 51],
	"textures": {
		"3": "item/hammers/celestial_hammer"
	},
	"elements": [
		{
			"from": [2, 2, 7.5],
			"to": [5, 5, 8.5],
			"rotation": {"angle": 45, "axis": "z", "origin": [8, 8, 8]},
			"faces": {
				"north": {"uv": [1.88235, 14.7451, 0.47059, 15.68627], "texture": "#3"},
				"east": {"uv": [1.41176, 14.7451, 1.88235, 15.68627], "texture": "#3"},
				"south": {"uv": [0.47059, 14.7451, 1.88235, 15.68627], "texture": "#3"},
				"west": {"uv": [0.47059, 14.7451, 0.94118, 15.68627], "texture": "#3"},
				"up": {"uv": [0.47059, 14.7451, 1.88235, 15.05882], "texture": "#3"},
				"down": {"uv": [0.47059, 15.37255, 1.88235, 15.68627], "texture": "#3"}
			}
		},
		{
			"from": [4, 4, 7.5],
			"to": [6, 6, 8.5],
			"rotation": {"angle": 45, "axis": "z", "origin": [8, 8, 8]},
			"faces": {
				"north": {"uv": [2.35294, 14.43137, 1.41176, 15.05882], "texture": "#3"},
				"east": {"uv": [1.88235, 14.43137, 2.35294, 15.05882], "texture": "#3"},
				"south": {"uv": [1.41176, 14.43137, 2.35294, 15.05882], "texture": "#3"},
				"west": {"uv": [1.41176, 14.43137, 1.88235, 15.05882], "texture": "#3"},
				"up": {"uv": [1.41176, 14.43137, 2.35294, 14.7451], "texture": "#3"},
				"down": {"uv": [1.41176, 14.7451, 2.35294, 15.05882], "texture": "#3"}
			}
		},
		{
			"from": [5, 5, 7.5],
			"to": [7, 7, 8.5],
			"rotation": {"angle": 45, "axis": "z", "origin": [8, 8, 8]},
			"faces": {
				"north": {"uv": [2.82353, 14.11765, 1.88235, 14.7451], "texture": "#3"},
				"east": {"uv": [2.35294, 14.11765, 2.82353, 14.7451], "texture": "#3"},
				"south": {"uv": [1.88235, 14.11765, 2.82353, 14.7451], "texture": "#3"},
				"west": {"uv": [1.88235, 14.11765, 2.35294, 14.7451], "texture": "#3"},
				"up": {"uv": [1.88235, 14.11765, 2.82353, 14.43137], "texture": "#3"},
				"down": {"uv": [1.88235, 14.43137, 2.82353, 14.7451], "texture": "#3"}
			}
		},
		{
			"from": [6, 6, 7.5],
			"to": [8, 8, 8.5],
			"rotation": {"angle": 45, "axis": "z", "origin": [8, 8, 8]},
			"faces": {
				"north": {"uv": [3.29412, 13.80392, 2.35294, 14.43137], "texture": "#3"},
				"east": {"uv": [2.82353, 13.80392, 3.29412, 14.43137], "texture": "#3"},
				"south": {"uv": [2.35294, 13.80392, 3.29412, 14.43137], "texture": "#3"},
				"west": {"uv": [2.35294, 13.80392, 2.82353, 14.43137], "texture": "#3"},
				"up": {"uv": [2.35294, 13.80392, 3.29412, 14.11765], "texture": "#3"},
				"down": {"uv": [2.35294, 14.11765, 3.29412, 14.43137], "texture": "#3"}
			}
		},
		{
			"from": [7, 7, 7.5],
			"to": [9, 9, 8.5],
			"rotation": {"angle": 45, "axis": "z", "origin": [8, 8, 8]},
			"faces": {
				"north": {"uv": [3.76471, 13.4902, 2.82353, 14.11765], "texture": "#3"},
				"east": {"uv": [3.29412, 13.4902, 3.76471, 14.11765], "texture": "#3"},
				"south": {"uv": [2.82353, 13.4902, 3.76471, 14.11765], "texture": "#3"},
				"west": {"uv": [2.82353, 13.4902, 3.29412, 14.11765], "texture": "#3"},
				"up": {"uv": [2.82353, 13.4902, 3.76471, 13.80392], "texture": "#3"},
				"down": {"uv": [2.82353, 13.80392, 3.76471, 14.11765], "texture": "#3"}
			}
		},
		{
			"from": [8, 8, 7.5],
			"to": [10, 10, 8.5],
			"rotation": {"angle": 45, "axis": "z", "origin": [8, 8, 8]},
			"faces": {
				"north": {"uv": [4.23529, 13.17647, 3.29412, 13.80392], "texture": "#3"},
				"east": {"uv": [3.76471, 13.17647, 4.23529, 13.80392], "texture": "#3"},
				"south": {"uv": [3.29412, 13.17647, 4.23529, 13.80392], "texture": "#3"},
				"west": {"uv": [3.29412, 13.17647, 3.76471, 13.80392], "texture": "#3"},
				"up": {"uv": [3.29412, 13.17647, 4.23529, 13.4902], "texture": "#3"},
				"down": {"uv": [3.29412, 13.4902, 4.23529, 13.80392], "texture": "#3"}
			}
		},
		{
			"from": [9, 9, 7.5],
			"to": [11, 11, 8.5],
			"rotation": {"angle": 45, "axis": "z", "origin": [8, 8, 8]},
			"faces": {
				"north": {"uv": [4.70588, 12.86275, 3.76471, 13.4902], "texture": "#3"},
				"east": {"uv": [4.23529, 12.86275, 4.70588, 13.4902], "texture": "#3"},
				"south": {"uv": [3.76471, 12.86275, 4.70588, 13.4902], "texture": "#3"},
				"west": {"uv": [3.76471, 12.86275, 4.23529, 13.4902], "texture": "#3"},
				"up": {"uv": [3.76471, 12.86275, 4.70588, 13.17647], "texture": "#3"},
				"down": {"uv": [3.76471, 13.17647, 4.70588, 13.4902], "texture": "#3"}
			}
		},
		{
			"from": [16, 14.5, 7.5],
			"to": [18, 16.5, 8.5],
			"rotation": {"angle": 45, "axis": "z", "origin": [8, 6.5, 8]},
			"faces": {
				"north": {"uv": [7.52941, 10.98039, 6.58824, 11.60784], "texture": "#3"},
				"east": {"uv": [7.05882, 10.98039, 7.52941, 11.60784], "texture": "#3"},
				"south": {"uv": [6.58824, 10.98039, 7.52941, 11.60784], "texture": "#3"},
				"west": {"uv": [6.58824, 10.98039, 7.05882, 11.60784], "texture": "#3"},
				"up": {"uv": [6.58824, 10.98039, 7.52941, 11.29412], "texture": "#3"},
				"down": {"uv": [6.58824, 11.29412, 7.52941, 11.60784], "texture": "#3"}
			}
		},
		{
			"from": [2, 10.2, 4],
			"to": [14, 18.2, 12],
			"rotation": {"angle": 0, "axis": "y", "origin": [8, 7.2, 8]},
			"faces": {
				"north": {"uv": [0.47059, 0.31373, 6.11765, 2.82353], "texture": "#3"},
				"east": {"uv": [0.47059, 5.33333, 4.23529, 7.84314], "texture": "#3"},
				"south": {"uv": [0.47059, 2.82353, 6.11765, 5.33333], "texture": "#3"},
				"west": {"uv": [4.23529, 5.33333, 8, 7.84314], "texture": "#3"},
				"up": {"uv": [11.76471, 2.82353, 6.11765, 0.31373], "texture": "#3"},
				"down": {"uv": [11.76471, 2.82353, 6.11765, 5.33333], "texture": "#3"}
			}
		}
	],
	"gui_light": "front",
	"display": {
		"thirdperson_righthand": {
			"rotation": [0, 90, 0],
			"translation": [0, 0, 1.25],
			"scale": [0.85, 0.85, 0.85]
		},
		"thirdperson_lefthand": {
			"rotation": [0, 90, 0],
			"translation": [0, 0, 1.25],
			"scale": [0.85, 0.85, 0.85]
		},
		"firstperson_righthand": {
			"rotation": [0, -90, 25],
			"translation": [1.13, 3.2, 1.13],
			"scale": [0.68, 0.68, 0.68]
		},
		"firstperson_lefthand": {
			"rotation": [0, 90, -25],
			"translation": [1.13, 3.2, 1.13],
			"scale": [0.68, 0.68, 0.68]
		},
		"ground": {
			"rotation": [0, 0, 45],
			"translation": [0, 1, 0],
			"scale": [0.5, 0.5, 0.5]
		},
		"gui": {
			"rotation": [0, 0, -45],
			"translation": [-2, -2, 0]
		},
		"head": {
			"rotation": [0, 180, -45],
			"translation": [2, 11, 7]
		},
		"fixed": {
			"rotation": [0, 0, 45],
			"translation": [2, -2, 0]
		}
	}
}