{
  "parent": "item/handheld",
  "textures": {
    "layer0": "item/diamond_sword"
  },
  "overrides": [
    {
      "predicate": {
        "custom_model_data": 22
      },
      "model": "item/swords/arcane_dagger"
    },
    {
      "predicate": {
        "custom_model_data": 30
      },
      "model": "item/swords/dragon_claw"
    },
    {
      "predicate": {
        "custom_model_data": 31
      },
      "model": "item/swords/radiant_sword"
    },
    {
      "predicate": {
        "custom_model_data": 35
      },
      "model": "item/swords/frostbite_dagger"
    },
    {
      "predicate": {
        "custom_model_data": 39
      },
      "model": "item/swords/dark_rapier"
    }
  ]
}
